"name","type","value","display"
"Gabriel Zamora","ratios",33.3126095378655,1
"Grav3yardgirl","ratios",1.36937847397676,0.621994699927504
"Jaclyn Hill","ratios",-0.0854029208985099,0.487375005603192
"James Charles","ratios",3.01316556427761,0.696517504270582
"Jeffree Star","ratios",6.76079159893697,0.789786007063811
"Laura Lee","ratios",6.78103510676801,0.790154417162022
"Olivia Jade","ratios",7.73503720478809,0.806510293842792
"Zoella","ratios",8.52471832605197,0.818750122662048
