"name","type","value","display"
"Gabriel Zamora","sorries",0.00663716814159292,0.647936354334782
"Grav3yardgirl","sorries",0.000355745286374956,0
"Jaclyn Hill","sorries",0.00180126088261783,0.149106679673005
"James Charles","sorries",0.000781511666852741,0.0439183163948161
"Jeffree Star","sorries",0.00178062678062678,0.146978247130377
"Laura Lee","sorries",0.0100502512562814,1
"Olivia Jade","sorries",0.00504201680672269,0.483394567489544
"Zoella","sorries",0.00094948727687049,0.0612452034522048
