"name","type","value","display"
"Gabriel Zamora","change",0.0706680863063536,1
"Grav3yardgirl","change",-0.000149740626923497,0.498903444454399
"Jaclyn Hill","change",-7.96662755587389e-05,0.499416621680955
"James Charles","change",0.0128447885342158,0.593456827208234
"Jeffree Star","change",0.00229591364831676,0.516792522754533
"Laura Lee","change",-0.00876297862012779,0.435550424083324
"Olivia Jade","change",0.00110276903843508,0.508070560206383
"Zoella","change",-3.88337317754408e-05,0.499715635073151
